{
    "Ar40": {
        "error": 0.032540847740715924, 
        "filter_outliers_dict": {
            "filter_outliers": true, 
            "iterations": 1, 
            "std_devs": 2
        }, 
        "fit": "Linear", 
        "value": 0.1269199515150969
    }, 
    "Iso40.9620": {
        "error": 0.15520857584510028, 
        "filter_outliers_dict": {
            "filter_outliers": false, 
            "iterations": 1, 
            "std_devs": 2
        }, 
        "fit": "linear", 
        "value": -0.18442056049994096
    }, 
    "Iso41.9620": {
        "error": 0.1729801570088692, 
        "filter_outliers_dict": {
            "filter_outliers": false, 
            "iterations": 1, 
            "std_devs": 2
        }, 
        "fit": "linear", 
        "value": -0.08845218737131097
    }, 
    "Iso42.9620": {
        "error": 0.12896049830147796, 
        "filter_outliers_dict": {
            "filter_outliers": false, 
            "iterations": 1, 
            "std_devs": 2
        }, 
        "fit": "linear", 
        "value": 0.03940017473984266
    }, 
    "Iso43.9620": {
        "error": 0.002520907039512176, 
        "filter_outliers_dict": {
            "filter_outliers": false, 
            "iterations": 1, 
            "std_devs": 2
        }, 
        "fit": "linear", 
        "value": 0.03497165138951115
    }
}