{
    "Ar40": {
        "error": 0.042536291626016735, 
        "filter_outliers_dict": {
            "filter_outliers": true, 
            "iterations": 1, 
            "std_devs": 2
        }, 
        "fit": "Linear", 
        "value": 0.0736143285276976
    }, 
    "Iso40.9620": {
        "error": 0.14616508679844487, 
        "filter_outliers_dict": {
            "filter_outliers": false, 
            "iterations": 1, 
            "std_devs": 2
        }, 
        "fit": "linear", 
        "value": -0.17481024271088003
    }, 
    "Iso41.9620": {
        "error": 0.1430245941043373, 
        "filter_outliers_dict": {
            "filter_outliers": false, 
            "iterations": 1, 
            "std_devs": 2
        }, 
        "fit": "linear", 
        "value": -0.06785254727865624
    }, 
    "Iso42.9620": {
        "error": 0.14313287186565066, 
        "filter_outliers_dict": {
            "filter_outliers": false, 
            "iterations": 1, 
            "std_devs": 2
        }, 
        "fit": "linear", 
        "value": 0.052428837764714964
    }, 
    "Iso43.9620": {
        "error": 0.0024020425508658443, 
        "filter_outliers_dict": {
            "filter_outliers": false, 
            "iterations": 1, 
            "std_devs": 2
        }, 
        "fit": "linear", 
        "value": 0.035297171895358415
    }
}