{
    "Ar36": {
        "error": 0.0006395939881487216, 
        "filter_outliers_dict": {
            "filter_outliers": true, 
            "iterations": 1, 
            "std_devs": 2
        }, 
        "fit": "Linear", 
        "value": 0.03486940860371965
    }, 
    "Ar37": {
        "error": 0.03371948078319255, 
        "filter_outliers_dict": {
            "filter_outliers": true, 
            "iterations": 1, 
            "std_devs": 2
        }, 
        "fit": "Linear", 
        "value": 0.0069678079761190575
    }, 
    "Ar38": {
        "error": 0.041576099801242716, 
        "filter_outliers_dict": {
            "filter_outliers": true, 
            "iterations": 1, 
            "std_devs": 2
        }, 
        "fit": "Linear", 
        "value": -0.08190205219280108
    }, 
    "Ar39": {
        "error": 0.034906473642035946, 
        "filter_outliers_dict": {
            "filter_outliers": true, 
            "iterations": 1, 
            "std_devs": 2
        }, 
        "fit": "Linear", 
        "value": -0.12618277435800435
    }, 
    "Ar40": {
        "error": 0.028402009177309846, 
        "filter_outliers_dict": {
            "filter_outliers": true, 
            "iterations": 1, 
            "std_devs": 2
        }, 
        "fit": "Linear", 
        "value": 0.25185480979411695
    }
}