{
    "Ar36": {
        "error": 0.016753440490401554, 
        "filter_outliers_dict": {
            "filter_outliers": true, 
            "iterations": 1, 
            "std_devs": 2
        }, 
        "fit": "Parabolic", 
        "value": 0.24386460114205938
    }, 
    "Ar37": {
        "error": 0.08925602049352652, 
        "filter_outliers_dict": {
            "filter_outliers": true, 
            "iterations": 1, 
            "std_devs": 2
        }, 
        "fit": "Linear", 
        "value": 0.02945491917311373
    }, 
    "Ar38": {
        "error": 0.0902144165704342, 
        "filter_outliers_dict": {
            "filter_outliers": true, 
            "iterations": 1, 
            "std_devs": 2
        }, 
        "fit": "Linear", 
        "value": -0.17840656547735423
    }, 
    "Ar39": {
        "error": 0.11903833990603867, 
        "filter_outliers_dict": {
            "filter_outliers": true, 
            "iterations": 1, 
            "std_devs": 2
        }, 
        "fit": "Linear", 
        "value": 0.036818245581431416
    }, 
    "Ar40": {
        "error": 0.7478423800719919, 
        "filter_outliers_dict": {
            "filter_outliers": true, 
            "iterations": 1, 
            "std_devs": 2
        }, 
        "fit": "Parabolic", 
        "value": 52.107732429090106
    }
}