{
    "Ar36": {
        "error": 0.00017914123631095896, 
        "filter_outliers_dict": {
            "filter_outliers": true, 
            "iterations": 1, 
            "std_devs": 2
        }, 
        "fit": "Linear", 
        "value": 0.005850929460998156
    }, 
    "Ar37": {
        "error": 0.021709614498623565, 
        "filter_outliers_dict": {
            "filter_outliers": true, 
            "iterations": 1, 
            "std_devs": 2
        }, 
        "fit": "Linear", 
        "value": 0.013545890515105588
    }, 
    "Ar38": {
        "error": 0.02500655453991527, 
        "filter_outliers_dict": {
            "filter_outliers": true, 
            "iterations": 1, 
            "std_devs": 2
        }, 
        "fit": "Linear", 
        "value": -0.13980031080960312
    }, 
    "Ar39": {
        "error": 0.025861928866998486, 
        "filter_outliers_dict": {
            "filter_outliers": true, 
            "iterations": 1, 
            "std_devs": 2
        }, 
        "fit": "Linear", 
        "value": 0.060595768004844404
    }, 
    "Ar40": {
        "error": 0.020751403240869038, 
        "filter_outliers_dict": {
            "filter_outliers": true, 
            "iterations": 1, 
            "std_devs": 2
        }, 
        "fit": "Linear", 
        "value": 1.888877465396662
    }
}