{
    "AX": {
        "error": 0.03056884166375448, 
        "filter_outliers_dict": {
            "filter_outliers": true, 
            "iterations": 1, 
            "std_devs": 2
        }, 
        "fit": "Average", 
        "value": -0.008880979565666141
    }, 
    "H1": {
        "error": 0.029833156849490533, 
        "filter_outliers_dict": {
            "filter_outliers": true, 
            "iterations": 1, 
            "std_devs": 2
        }, 
        "fit": "Average", 
        "value": -0.11359313496996923
    }, 
    "H2": {
        "error": 0.023656005096897047, 
        "filter_outliers_dict": {
            "filter_outliers": true, 
            "iterations": 1, 
            "std_devs": 2
        }, 
        "fit": "Average", 
        "value": 0.06860002915765065
    }, 
    "L1": {
        "error": 0.025129450601568907, 
        "filter_outliers_dict": {
            "filter_outliers": true, 
            "iterations": 1, 
            "std_devs": 2
        }, 
        "fit": "Average", 
        "value": -0.09474468036712427
    }, 
    "L2(CDD)": {
        "error": 1.1860833665557446e-22, 
        "filter_outliers_dict": {
            "filter_outliers": true, 
            "iterations": 1, 
            "std_devs": 2
        }, 
        "fit": "Average", 
        "value": -7.174551092655811e-06
    }
}