{
    "AX": {
        "error": 0.028829647443646578, 
        "filter_outliers_dict": {
            "filter_outliers": true, 
            "iterations": 1, 
            "std_devs": 2
        }, 
        "fit": "Average", 
        "value": -0.10526566466271943
    }, 
    "H1": {
        "error": 0.027093357675111816, 
        "filter_outliers_dict": {
            "filter_outliers": true, 
            "iterations": 1, 
            "std_devs": 2
        }, 
        "fit": "Average", 
        "value": -0.15876829199592868
    }, 
    "H2": {
        "error": 0.02288398630875794, 
        "filter_outliers_dict": {
            "filter_outliers": true, 
            "iterations": 1, 
            "std_devs": 2
        }, 
        "fit": "Average", 
        "value": 0.010245655569556906
    }, 
    "L1": {
        "error": 0.02294807324154051, 
        "filter_outliers_dict": {
            "filter_outliers": true, 
            "iterations": 1, 
            "std_devs": 2
        }, 
        "fit": "Average", 
        "value": 0.03893703935907547
    }, 
    "L2(CDD)": {
        "error": 1.1526658422771188e-22, 
        "filter_outliers_dict": {
            "filter_outliers": true, 
            "iterations": 1, 
            "std_devs": 2
        }, 
        "fit": "Average", 
        "value": -7.174551092655811e-06
    }
}