{
    "Ar36": {
        "error": 0.02237028325070669, 
        "filter_outliers_dict": {
            "filter_outliers": true, 
            "iterations": 1, 
            "std_devs": 2
        }, 
        "fit": "Linear", 
        "value": 18.684482891850724
    }, 
    "Ar37": {
        "error": 0.04590534207582369, 
        "filter_outliers_dict": {
            "filter_outliers": true, 
            "iterations": 1, 
            "std_devs": 2
        }, 
        "fit": "Linear", 
        "value": 0.05773039292760698
    }, 
    "Ar38": {
        "error": 0.057054719166491956, 
        "filter_outliers_dict": {
            "filter_outliers": true, 
            "iterations": 1, 
            "std_devs": 2
        }, 
        "fit": "Linear", 
        "value": 3.650460577280443
    }, 
    "Ar39": {
        "error": 0.059655430634949706, 
        "filter_outliers_dict": {
            "filter_outliers": true, 
            "iterations": 1, 
            "std_devs": 2
        }, 
        "fit": "Linear", 
        "value": -0.037322596041663686
    }, 
    "Ar40": {
        "error": 0.6762480658424558, 
        "filter_outliers_dict": {
            "filter_outliers": true, 
            "iterations": 1, 
            "std_devs": 2
        }, 
        "fit": "Linear", 
        "value": 6039.408582585353
    }
}